"Laikotarpis";"Transporto rūšis";"Matavimo vienetai";"Reikšmė";"Patikslinimas"
"2000K1";"Oro transportas";"tūkst. keleivio km";"71670,39600000001";""
"2000K1";"vidaus vandenų transportas";"tūkst. keleivio km";"161,9";""
"2000K1";"jūrų transportas";"tūkst. keleivio km";"6908,516";""
"2000K1";"Vandens transportas";"tūkst. keleivio km";"7070,415999999999";""
"2000K1";"Visų rūšių transportas";"tūkst. keleivio km";"943392,8119999999";""
"2000K1";"autobusai";"tūkst. keleivio km";"588846,5";""
"2000K1";"Kelių transportas";"tūkst. keleivio km";"731661";""
"2000K1";"Geležinkelių transportas";"tūkst. keleivio km";"132991";""
"2000K1";"troleibusai";"tūkst. keleivio km";"142814";""
"2000K2";"Geležinkelių transportas";"tūkst. keleivio km";"166301";""
"2000K2";"Visų rūšių transportas";"tūkst. keleivio km";"1003444,206";""
"2000K2";"Kelių transportas";"tūkst. keleivio km";"701646";""
"2000K2";"autobusai";"tūkst. keleivio km";"570635,3";""
"2000K2";"troleibusai";"tūkst. keleivio km";"131010";""
"2000K2";"Vandens transportas";"tūkst. keleivio km";"12050,09";""
"2000K2";"jūrų transportas";"tūkst. keleivio km";"11502,59";""
"2000K2";"vidaus vandenų transportas";"tūkst. keleivio km";"547,5";""
"2000K2";"Oro transportas";"tūkst. keleivio km";"123447,11600000001";""
"2000K3";"vidaus vandenų transportas";"tūkst. keleivio km";"827,9";""
"2000K3";"jūrų transportas";"tūkst. keleivio km";"16298,34";""
"2000K3";"Vandens transportas";"tūkst. keleivio km";"17126,24";""
"2000K3";"troleibusai";"tūkst. keleivio km";"94449";""
"2000K3";"Oro transportas";"tūkst. keleivio km";"163305,348";""
"2000K3";"Kelių transportas";"tūkst. keleivio km";"645124";""
"2000K3";"Geležinkelių transportas";"tūkst. keleivio km";"178495";""
"2000K3";"Visų rūšių transportas";"tūkst. keleivio km";"1004050,588";""
"2000K3";"autobusai";"tūkst. keleivio km";"550675,2";""
"2000K4";"Visų rūšių transportas";"tūkst. keleivio km";"922230,1410000001";""
"2000K4";"Geležinkelių transportas";"tūkst. keleivio km";"133444";""
"2000K4";"Kelių transportas";"tūkst. keleivio km";"676458";""
"2000K4";"autobusai";"tūkst. keleivio km";"556208";""
"2000K4";"troleibusai";"tūkst. keleivio km";"120250";""
"2000K4";"Vandens transportas";"tūkst. keleivio km";"9780,751";""
"2000K4";"jūrų transportas";"tūkst. keleivio km";"9617,251";""
"2000K4";"Oro transportas";"tūkst. keleivio km";"102547,39000000001";""
"2000K4";"vidaus vandenų transportas";"tūkst. keleivio km";"163,5";""
"2001K1";"Geležinkelių transportas";"tūkst. keleivio km";"113326";""
"2001K1";"Kelių transportas";"tūkst. keleivio km";"633985";""
"2001K1";"autobusai";"tūkst. keleivio km";"501386,4";""
"2001K1";"troleibusai";"tūkst. keleivio km";"132598";""
"2001K1";"Visų rūšių transportas";"tūkst. keleivio km";"836443,841";""
"2001K1";"jūrų transportas";"tūkst. keleivio km";"6809,248";""
"2001K1";"vidaus vandenų transportas";"tūkst. keleivio km";"129,8";""
"2001K1";"Oro transportas";"tūkst. keleivio km";"82193,793";""
"2001K1";"Vandens transportas";"tūkst. keleivio km";"6939,048";""
"2001K2";"Visų rūšių transportas";"tūkst. keleivio km";"987641,935";""
"2001K2";"Geležinkelių transportas";"tūkst. keleivio km";"143979";""
"2001K2";"Kelių transportas";"tūkst. keleivio km";"696610";""
"2001K2";"autobusai";"tūkst. keleivio km";"568128,9";""
"2001K2";"troleibusai";"tūkst. keleivio km";"128481";""
"2001K2";"Vandens transportas";"tūkst. keleivio km";"13745,637999999999";""
"2001K2";"jūrų transportas";"tūkst. keleivio km";"13387,738";""
"2001K2";"Oro transportas";"tūkst. keleivio km";"133307,29700000002";""
"2001K2";"vidaus vandenų transportas";"tūkst. keleivio km";"357,9";""
"2001K3";"Geležinkelių transportas";"tūkst. keleivio km";"153778";""
"2001K3";"Kelių transportas";"tūkst. keleivio km";"659604";""
"2001K3";"autobusai";"tūkst. keleivio km";"558307,8999999999";""
"2001K3";"troleibusai";"tūkst. keleivio km";"101296";""
"2001K3";"Visų rūšių transportas";"tūkst. keleivio km";"1007268,834";""
"2001K3";"jūrų transportas";"tūkst. keleivio km";"15848,675";""
"2001K3";"vidaus vandenų transportas";"tūkst. keleivio km";"735,1";""
"2001K3";"Oro transportas";"tūkst. keleivio km";"177303,059";""
"2001K3";"Vandens transportas";"tūkst. keleivio km";"16583,774999999998";""
"2001K4";"Visų rūšių transportas";"tūkst. keleivio km";"1062267,5816";""
"2001K4";"Geležinkelių transportas";"tūkst. keleivio km";"121719";""
"2001K4";"Kelių transportas";"tūkst. keleivio km";"842343";""
"2001K4";"autobusai";"tūkst. keleivio km";"703202,1610000001";""
"2001K4";"troleibusai";"tūkst. keleivio km";"139141";""
"2001K4";"Vandens transportas";"tūkst. keleivio km";"7272,3426";""
"2001K4";"jūrų transportas";"tūkst. keleivio km";"7107,1426";""
"2001K4";"Oro transportas";"tūkst. keleivio km";"90933,239";""
"2001K4";"vidaus vandenų transportas";"tūkst. keleivio km";"165,2";""
"2002K1";"Oro transportas";"tūkst. keleivio km";"81179,28";""
"2002K1";"vidaus vandenų transportas";"tūkst. keleivio km";"246";""
"2002K1";"jūrų transportas";"tūkst. keleivio km";"5822,688";""
"2002K1";"Vandens transportas";"tūkst. keleivio km";"6068,688";""
"2002K1";"Visų rūšių transportas";"tūkst. keleivio km";"894068,968";""
"2002K1";"autobusai";"tūkst. keleivio km";"573029,7";""
"2002K1";"Kelių transportas";"tūkst. keleivio km";"705306";""
"2002K1";"Geležinkelių transportas";"tūkst. keleivio km";"101515";""
"2002K1";"troleibusai";"tūkst. keleivio km";"132276";""
"2002K2";"Visų rūšių transportas";"tūkst. keleivio km";"1035588,403";""
"2002K2";"Oro transportas";"tūkst. keleivio km";"144685,194";""
"2002K2";"vidaus vandenų transportas";"tūkst. keleivio km";"840,1";""
"2002K2";"jūrų transportas";"tūkst. keleivio km";"9699,109";""
"2002K2";"Vandens transportas";"tūkst. keleivio km";"10539,209";""
"2002K2";"troleibusai";"tūkst. keleivio km";"129751";""
"2002K2";"autobusai";"tūkst. keleivio km";"614011,3";""
"2002K2";"Geležinkelių transportas";"tūkst. keleivio km";"136602";""
"2002K2";"Kelių transportas";"tūkst. keleivio km";"743762";""
"2002K3";"Geležinkelių transportas";"tūkst. keleivio km";"151565";""
"2002K3";"Kelių transportas";"tūkst. keleivio km";"731628";""
"2002K3";"autobusai";"tūkst. keleivio km";"629639,3";""
"2002K3";"troleibusai";"tūkst. keleivio km";"101989";""
"2002K3";"Vandens transportas";"tūkst. keleivio km";"15923,567";""
"2002K3";"jūrų transportas";"tūkst. keleivio km";"14359,667";""
"2002K3";"vidaus vandenų transportas";"tūkst. keleivio km";"1563,9";""
"2002K3";"Oro transportas";"tūkst. keleivio km";"180508,519";""
"2002K3";"Visų rūšių transportas";"tūkst. keleivio km";"1079625,0860000001";""
"2002K4";"Geležinkelių transportas";"tūkst. keleivio km";"108405";""
"2002K4";"Kelių transportas";"tūkst. keleivio km";"832612";""
"2002K4";"autobusai";"tūkst. keleivio km";"691294,564";""
"2002K4";"troleibusai";"tūkst. keleivio km";"141317";""
"2002K4";"Visų rūšių transportas";"tūkst. keleivio km";"1065122,813";""
"2002K4";"jūrų transportas";"tūkst. keleivio km";"5798,242";""
"2002K4";"vidaus vandenų transportas";"tūkst. keleivio km";"266";""
"2002K4";"Oro transportas";"tūkst. keleivio km";"118041,571";""
"2002K4";"Vandens transportas";"tūkst. keleivio km";"6064,242";""
"2003K1";"Oro transportas";"tūkst. keleivio km";"85408,81199999999";""
"2003K1";"vidaus vandenų transportas";"tūkst. keleivio km";"262,2";""
"2003K1";"jūrų transportas";"tūkst. keleivio km";"10487,58";""
"2003K1";"Vandens transportas";"tūkst. keleivio km";"10749,78";""
"2003K1";"Visų rūšių transportas";"tūkst. keleivio km";"860958,5920000001";""
"2003K1";"autobusai";"tūkst. keleivio km";"571422";""
"2003K1";"Kelių transportas";"tūkst. keleivio km";"675518";""
"2003K1";"Geležinkelių transportas";"tūkst. keleivio km";"89282";""
"2003K1";"troleibusai";"tūkst. keleivio km";"104096";""
"2003K2";"Geležinkelių transportas";"tūkst. keleivio km";"114626";""
"2003K2";"Visų rūšių transportas";"tūkst. keleivio km";"1046291,0619999999";""
"2003K2";"Kelių transportas";"tūkst. keleivio km";"772566";""
"2003K2";"autobusai";"tūkst. keleivio km";"670805,6000000001";""
"2003K2";"troleibusai";"tūkst. keleivio km";"101760";""
"2003K2";"Vandens transportas";"tūkst. keleivio km";"12477,94";""
"2003K2";"jūrų transportas";"tūkst. keleivio km";"11757,24";""
"2003K2";"vidaus vandenų transportas";"tūkst. keleivio km";"720,7";""
"2003K2";"Oro transportas";"tūkst. keleivio km";"146621,122";""
"2003K3";"Oro transportas";"tūkst. keleivio km";"189293,515";""
"2003K3";"vidaus vandenų transportas";"tūkst. keleivio km";"1033,4";""
"2003K3";"Visų rūšių transportas";"tūkst. keleivio km";"1100756,195";""
"2003K3";"Geležinkelių transportas";"tūkst. keleivio km";"132404";""
"2003K3";"Kelių transportas";"tūkst. keleivio km";"758326";""
"2003K3";"autobusai";"tūkst. keleivio km";"674864,3999999999";""
"2003K3";"troleibusai";"tūkst. keleivio km";"83461";""
"2003K3";"Vandens transportas";"tūkst. keleivio km";"20732,68";""
"2003K3";"jūrų transportas";"tūkst. keleivio km";"19699,28";""
"2003K4";"Visų rūšių transportas";"tūkst. keleivio km";"1009292,036";""
"2003K4";"vidaus vandenų transportas";"tūkst. keleivio km";"115,6";""
"2003K4";"jūrų transportas";"tūkst. keleivio km";"13852,03";""
"2003K4";"Vandens transportas";"tūkst. keleivio km";"13967,630000000001";""
"2003K4";"Oro transportas";"tūkst. keleivio km";"119306,406";""
"2003K4";"autobusai";"tūkst. keleivio km";"665442,3999999999";""
"2003K4";"Kelių transportas";"tūkst. keleivio km";"780256";""
"2003K4";"Geležinkelių transportas";"tūkst. keleivio km";"95762";""
"2003K4";"troleibusai";"tūkst. keleivio km";"114813";""
"2004K1";"Oro transportas";"tūkst. keleivio km";"108484,537";""
"2004K1";"vidaus vandenų transportas";"tūkst. keleivio km";"163,8";""
"2004K1";"jūrų transportas";"tūkst. keleivio km";"16512,358";""
"2004K1";"Vandens transportas";"tūkst. keleivio km";"16676,158";""
"2004K1";"Visų rūšių transportas";"tūkst. keleivio km";"988000,6950000001";""
"2004K1";"autobusai";"tūkst. keleivio km";"652437,1";""
"2004K1";"Kelių transportas";"tūkst. keleivio km";"774504";""
"2004K1";"Geležinkelių transportas";"tūkst. keleivio km";"88336";""
"2004K1";"troleibusai";"tūkst. keleivio km";"104617";""
"2004K2";"Geležinkelių transportas";"tūkst. keleivio km";"111597";""
"2004K2";"Visų rūšių transportas";"tūkst. keleivio km";"1339364,426";""
"2004K2";"Kelių transportas";"tūkst. keleivio km";"966025";""
"2004K2";"autobusai";"tūkst. keleivio km";"824746";""
"2004K2";"troleibusai";"tūkst. keleivio km";"104888";""
"2004K2";"Vandens transportas";"tūkst. keleivio km";"23772,879";""
"2004K2";"jūrų transportas";"tūkst. keleivio km";"23075,179";""
"2004K2";"vidaus vandenų transportas";"tūkst. keleivio km";"697,7";""
"2004K2";"Oro transportas";"tūkst. keleivio km";"237969,547";""
"2004K3";"Oro transportas";"tūkst. keleivio km";"331431,122";""
"2004K3";"vidaus vandenų transportas";"tūkst. keleivio km";"1395,8";""
"2004K3";"Visų rūšių transportas";"tūkst. keleivio km";"1434618,426";""
"2004K3";"Geležinkelių transportas";"tūkst. keleivio km";"141305";""
"2004K3";"Kelių transportas";"tūkst. keleivio km";"932888";""
"2004K3";"autobusai";"tūkst. keleivio km";"811159,3";""
"2004K3";"troleibusai";"tūkst. keleivio km";"86067";""
"2004K3";"Vandens transportas";"tūkst. keleivio km";"28994,304";""
"2004K3";"jūrų transportas";"tūkst. keleivio km";"27598,504";""
"2004K4";"Visų rūšių transportas";"tūkst. keleivio km";"1328191,234";""
"2004K4";"vidaus vandenų transportas";"tūkst. keleivio km";"186";""
"2004K4";"jūrų transportas";"tūkst. keleivio km";"17649,19";""
"2004K4";"Vandens transportas";"tūkst. keleivio km";"17835,19";""
"2004K4";"Oro transportas";"tūkst. keleivio km";"218100,044";""
"2004K4";"autobusai";"tūkst. keleivio km";"851159,8";""
"2004K4";"Kelių transportas";"tūkst. keleivio km";"990001";""
"2004K4";"Geležinkelių transportas";"tūkst. keleivio km";"102255";""
"2004K4";"troleibusai";"tūkst. keleivio km";"113010";""
"2005K1";"Oro transportas";"tūkst. keleivio km";"197567,56699999998";""
"2005K1";"vidaus vandenų transportas";"tūkst. keleivio km";"164";""
"2005K1";"Visų rūšių transportas";"tūkst. keleivio km";"1143231,1";""
"2005K1";"Geležinkelių transportas";"tūkst. keleivio km";"82621";""
"2005K1";"Kelių transportas";"tūkst. keleivio km";"848488,1";""
"2005K1";"autobusai";"tūkst. keleivio km";"738536,1";""
"2005K1";"troleibusai";"tūkst. keleivio km";"109952";""
"2005K1";"Vandens transportas";"tūkst. keleivio km";"14554,04";""
"2005K1";"jūrų transportas";"tūkst. keleivio km";"14390,04";""
"2005K2";"Visų rūšių transportas";"tūkst. keleivio km";"1396591,5";""
"2005K2";"vidaus vandenų transportas";"tūkst. keleivio km";"1140,4";""
"2005K2";"jūrų transportas";"tūkst. keleivio km";"23112,227";""
"2005K2";"Vandens transportas";"tūkst. keleivio km";"24252,4";""
"2005K2";"Oro transportas";"tūkst. keleivio km";"298696,662";""
"2005K2";"autobusai";"tūkst. keleivio km";"861638,1";""
"2005K2";"Kelių transportas";"tūkst. keleivio km";"966777,1";""
"2005K2";"Geležinkelių transportas";"tūkst. keleivio km";"106865";""
"2005K2";"troleibusai";"tūkst. keleivio km";"105139";""
"2005K3";"Geležinkelių transportas";"tūkst. keleivio km";"139639";""
"2005K3";"Visų rūšių transportas";"tūkst. keleivio km";"1483959,8";""
"2005K3";"Kelių transportas";"tūkst. keleivio km";"929596,1";""
"2005K3";"autobusai";"tūkst. keleivio km";"839016,1";""
"2005K3";"troleibusai";"tūkst. keleivio km";"90580";""
"2005K3";"Vandens transportas";"tūkst. keleivio km";"31959,7";""
"2005K3";"jūrų transportas";"tūkst. keleivio km";"30115,883";""
"2005K3";"vidaus vandenų transportas";"tūkst. keleivio km";"1843,7";""
"2005K3";"Oro transportas";"tūkst. keleivio km";"382764,78";""
"2005K4";"Oro transportas";"tūkst. keleivio km";"220260,753";""
"2005K4";"vidaus vandenų transportas";"tūkst. keleivio km";"208,3";""
"2005K4";"jūrų transportas";"tūkst. keleivio km";"20735,214";""
"2005K4";"Vandens transportas";"tūkst. keleivio km";"20943,514";""
"2005K4";"Visų rūšių transportas";"tūkst. keleivio km";"1286576,714";""
"2005K4";"autobusai";"tūkst. keleivio km";"827958,2";""
"2005K4";"Kelių transportas";"tūkst. keleivio km";"946573,2";""
"2005K4";"Geležinkelių transportas";"tūkst. keleivio km";"98799";""
"2005K4";"troleibusai";"tūkst. keleivio km";"118615";""
"2006K1";"Oro transportas";"tūkst. keleivio km";"198737,836";""
"2006K1";"vidaus vandenų transportas";"tūkst. keleivio km";"152,3";""
"2006K1";"jūrų transportas";"tūkst. keleivio km";"20805,368";""
"2006K1";"Vandens transportas";"tūkst. keleivio km";"20957,667999999998";""
"2006K1";"Visų rūšių transportas";"tūkst. keleivio km";"1164227,004";""
"2006K1";"autobusai";"tūkst. keleivio km";"754877,6";""
"2006K1";"Kelių transportas";"tūkst. keleivio km";"864419,5";""
"2006K1";"Geležinkelių transportas";"tūkst. keleivio km";"80112";""
"2006K1";"troleibusai";"tūkst. keleivio km";"109541,9";""
"2006K2";"Oro transportas";"tūkst. keleivio km";"293517,13300000003";""
"2006K2";"vidaus vandenų transportas";"tūkst. keleivio km";"874";""
"2006K2";"jūrų transportas";"tūkst. keleivio km";"32314,585";""
"2006K2";"Vandens transportas";"tūkst. keleivio km";"33188,585";""
"2006K2";"troleibusai";"tūkst. keleivio km";"108079";""
"2006K2";"autobusai";"tūkst. keleivio km";"855988,2";""
"2006K2";"Kelių transportas";"tūkst. keleivio km";"964067,2";""
"2006K2";"Geležinkelių transportas";"tūkst. keleivio km";"110061";""
"2006K2";"Visų rūšių transportas";"tūkst. keleivio km";"1400833,918";""
"2006K3";"Visų rūšių transportas";"tūkst. keleivio km";"1529537,514";""
"2006K3";"Geležinkelių transportas";"tūkst. keleivio km";"147950";""
"2006K3";"Kelių transportas";"tūkst. keleivio km";"936505,5";""
"2006K3";"autobusai";"tūkst. keleivio km";"852999,6";""
"2006K3";"troleibusai";"tūkst. keleivio km";"83505,9";""
"2006K3";"Vandens transportas";"tūkst. keleivio km";"39819,336";""
"2006K3";"jūrų transportas";"tūkst. keleivio km";"37999,336";""
"2006K3";"Oro transportas";"tūkst. keleivio km";"405262,67799999996";""
"2006K3";"vidaus vandenų transportas";"tūkst. keleivio km";"1820";""
"2006K4";"Geležinkelių transportas";"tūkst. keleivio km";"92423";""
"2006K4";"Kelių transportas";"tūkst. keleivio km";"930337,8";""
"2006K4";"autobusai";"tūkst. keleivio km";"818776,8";""
"2006K4";"troleibusai";"tūkst. keleivio km";"111561";""
"2006K4";"Visų rūšių transportas";"tūkst. keleivio km";"1349877,9000000001";""
"2006K4";"jūrų transportas";"tūkst. keleivio km";"24585,3";""
"2006K4";"vidaus vandenų transportas";"tūkst. keleivio km";"244";""
"2006K4";"Oro transportas";"tūkst. keleivio km";"302287,8";""
"2006K4";"Vandens transportas";"tūkst. keleivio km";"24829,3";""
"2007K1";"Geležinkelių transportas";"tūkst. keleivio km";"78817";""
"2007K1";"Kelių transportas";"tūkst. keleivio km";"863143,3";""
"2007K1";"Visų rūšių transportas";"tūkst. keleivio km";"1246936,7110000001";""
"2007K1";"Oro transportas";"tūkst. keleivio km";"282815,61100000003";""
"2007K1";"vidaus vandenų transportas";"tūkst. keleivio km";"214,6";""
"2007K1";"jūrų transportas";"tūkst. keleivio km";"21946,2";""
"2007K1";"Vandens transportas";"tūkst. keleivio km";"22160,8";""
"2007K1";"troleibusai";"tūkst. keleivio km";"114220,5";""
"2007K1";"autobusai";"tūkst. keleivio km";"748922,8";""
"2007K2";"Oro transportas";"tūkst. keleivio km";"367362,239";""
"2007K2";"Geležinkelių transportas";"tūkst. keleivio km";"111190";""
"2007K2";"Kelių transportas";"tūkst. keleivio km";"931764,1";""
"2007K2";"autobusai";"tūkst. keleivio km";"821007,1";""
"2007K2";"Visų rūšių transportas";"tūkst. keleivio km";"1442849,139";""
"2007K2";"Vandens transportas";"tūkst. keleivio km";"32532,8";""
"2007K2";"jūrų transportas";"tūkst. keleivio km";"31572,807";""
"2007K2";"vidaus vandenų transportas";"tūkst. keleivio km";"960";""
"2007K2";"troleibusai";"tūkst. keleivio km";"110757";""
"2007K3";"Visų rūšių transportas";"tūkst. keleivio km";"1558229,0659999999";""
"2007K3";"Geležinkelių transportas";"tūkst. keleivio km";"130983";""
"2007K3";"Kelių transportas";"tūkst. keleivio km";"920290";""
"2007K3";"autobusai";"tūkst. keleivio km";"824002";""
"2007K3";"troleibusai";"tūkst. keleivio km";"96288";""
"2007K3";"Vandens transportas";"tūkst. keleivio km";"46442,9";""
"2007K3";"jūrų transportas";"tūkst. keleivio km";"44674,587";""
"2007K3";"Oro transportas";"tūkst. keleivio km";"460513,16599999997";""
"2007K3";"vidaus vandenų transportas";"tūkst. keleivio km";"1768,3";""
"2007K4";"Oro transportas";"tūkst. keleivio km";"411008,86";""
"2007K4";"vidaus vandenų transportas";"tūkst. keleivio km";"230,8";""
"2007K4";"jūrų transportas";"tūkst. keleivio km";"28673,075";""
"2007K4";"Vandens transportas";"tūkst. keleivio km";"28903,875";""
"2007K4";"Visų rūšių transportas";"tūkst. keleivio km";"1432481,835";""
"2007K4";"autobusai";"tūkst. keleivio km";"776359,1";""
"2007K4";"Kelių transportas";"tūkst. keleivio km";"904849,1";""
"2007K4";"Geležinkelių transportas";"tūkst. keleivio km";"87720";""
"2007K4";"troleibusai";"tūkst. keleivio km";"128490";""
"2008K1";"Oro transportas";"tūkst. keleivio km";"440695,874";""
"2008K1";"vidaus vandenų transportas";"tūkst. keleivio km";"210,63";""
"2008K1";"jūrų transportas";"tūkst. keleivio km";"26863,26";""
"2008K1";"Vandens transportas";"tūkst. keleivio km";"27073,89";""
"2008K1";"Visų rūšių transportas";"tūkst. keleivio km";"1360969,564";""
"2008K1";"autobusai";"tūkst. keleivio km";"696768";""
"2008K1";"Kelių transportas";"tūkst. keleivio km";"818957,8";""
"2008K1";"Geležinkelių transportas";"tūkst. keleivio km";"74242";""
"2008K1";"troleibusai";"tūkst. keleivio km";"122189,8";""
"2008K2";"Geležinkelių transportas";"tūkst. keleivio km";"100625";""
"2008K2";"Visų rūšių transportas";"tūkst. keleivio km";"1671458,6149999998";""
"2008K2";"Kelių transportas";"tūkst. keleivio km";"911957,7";""
"2008K2";"autobusai";"tūkst. keleivio km";"792502,6";""
"2008K2";"troleibusai";"tūkst. keleivio km";"119455,1";""
"2008K2";"Vandens transportas";"tūkst. keleivio km";"35113,877";""
"2008K2";"jūrų transportas";"tūkst. keleivio km";"33991,78";""
"2008K2";"vidaus vandenų transportas";"tūkst. keleivio km";"1122,097";""
"2008K2";"Oro transportas";"tūkst. keleivio km";"623762,038";""
"2008K3";"vidaus vandenų transportas";"tūkst. keleivio km";"1915,152";""
"2008K3";"jūrų transportas";"tūkst. keleivio km";"45474,034";""
"2008K3";"Vandens transportas";"tūkst. keleivio km";"47389,186";""
"2008K3";"troleibusai";"tūkst. keleivio km";"100919,9";""
"2008K3";"Oro transportas";"tūkst. keleivio km";"780264,42";""
"2008K3";"Kelių transportas";"tūkst. keleivio km";"846963";""
"2008K3";"Geležinkelių transportas";"tūkst. keleivio km";"126649";""
"2008K3";"Visų rūšių transportas";"tūkst. keleivio km";"1801265,6060000001";""
"2008K3";"autobusai";"tūkst. keleivio km";"746043,1";""
"2008K4";"Visų rūšių transportas";"tūkst. keleivio km";"1547355,602";""
"2008K4";"Geležinkelių transportas";"tūkst. keleivio km";"96002";""
"2008K4";"Kelių transportas";"tūkst. keleivio km";"843316,2";""
"2008K4";"autobusai";"tūkst. keleivio km";"716778,1";""
"2008K4";"troleibusai";"tūkst. keleivio km";"126538,1";""
"2008K4";"Vandens transportas";"tūkst. keleivio km";"28995,809";""
"2008K4";"jūrų transportas";"tūkst. keleivio km";"28763,486";""
"2008K4";"Oro transportas";"tūkst. keleivio km";"579041,593";""
"2008K4";"vidaus vandenų transportas";"tūkst. keleivio km";"232,323";""
"2009K1";"Geležinkelių transportas";"tūkst. keleivio km";"71798";""
"2009K1";"Kelių transportas";"tūkst. keleivio km";"732172";""
"2009K1";"autobusai";"tūkst. keleivio km";"620510,2";""
"2009K1";"troleibusai";"tūkst. keleivio km";"111661,8";""
"2009K1";"Visų rūšių transportas";"tūkst. keleivio km";"1200773,689";""
"2009K1";"jūrų transportas";"tūkst. keleivio km";"20936,86";""
"2009K1";"vidaus vandenų transportas";"tūkst. keleivio km";"176,34";""
"2009K1";"Oro transportas";"tūkst. keleivio km";"375690,489";""
"2009K1";"Vandens transportas";"tūkst. keleivio km";"21113,2";""
"2009K2";"Geležinkelių transportas";"tūkst. keleivio km";"95746";""
"2009K2";"Kelių transportas";"tūkst. keleivio km";"727228,1";""
"2009K2";"autobusai";"tūkst. keleivio km";"626584,1";""
"2009K2";"troleibusai";"tūkst. keleivio km";"100644";""
"2009K2";"Vandens transportas";"tūkst. keleivio km";"34093,724";""
"2009K2";"jūrų transportas";"tūkst. keleivio km";"33268,513";""
"2009K2";"vidaus vandenų transportas";"tūkst. keleivio km";"825,211";""
"2009K2";"Oro transportas";"tūkst. keleivio km";"348169,109";""
"2009K2";"Visų rūšių transportas";"tūkst. keleivio km";"1205236,933";""
"2009K3";"Oro transportas";"tūkst. keleivio km";"520634,58900000004";""
"2009K3";"vidaus vandenų transportas";"tūkst. keleivio km";"1713,061";""
"2009K3";"Visų rūšių transportas";"tūkst. keleivio km";"1323608,971";""
"2009K3";"Geležinkelių transportas";"tūkst. keleivio km";"111990";""
"2009K3";"Kelių transportas";"tūkst. keleivio km";"645213";""
"2009K3";"autobusai";"tūkst. keleivio km";"567840";""
"2009K3";"troleibusai";"tūkst. keleivio km";"77373";""
"2009K3";"Vandens transportas";"tūkst. keleivio km";"45771,382000000005";""
"2009K3";"jūrų transportas";"tūkst. keleivio km";"44058,321";""
"2009K4";"Oro transportas";"tūkst. keleivio km";"283677,448";""
"2009K4";"Geležinkelių transportas";"tūkst. keleivio km";"77410";""
"2009K4";"Kelių transportas";"tūkst. keleivio km";"670065,1";""
"2009K4";"autobusai";"tūkst. keleivio km";"567331,9";""
"2009K4";"Visų rūšių transportas";"tūkst. keleivio km";"1060316,367";""
"2009K4";"Vandens transportas";"tūkst. keleivio km";"29163,819";""
"2009K4";"jūrų transportas";"tūkst. keleivio km";"28959,724";""
"2009K4";"vidaus vandenų transportas";"tūkst. keleivio km";"204,095";""
"2009K4";"troleibusai";"tūkst. keleivio km";"102733,2";""
"2010K1";"Visų rūšių transportas";"tūkst. keleivio km";"1153056,969";""
"2010K1";"Geležinkelių transportas";"tūkst. keleivio km";"68736";""
"2010K1";"Kelių transportas";"tūkst. keleivio km";"640914,2";""
"2010K1";"autobusai";"tūkst. keleivio km";"548844,2";""
"2010K1";"troleibusai";"tūkst. keleivio km";"92070";""
"2010K1";"Vandens transportas";"tūkst. keleivio km";"26258,152000000002";""
"2010K1";"jūrų transportas";"tūkst. keleivio km";"26105,792";""
"2010K1";"vidaus vandenų transportas";"tūkst. keleivio km";"152,36";""
"2010K1";"Oro transportas";"tūkst. keleivio km";"417148,617";""
"2010K2";"Visų rūšių transportas";"tūkst. keleivio km";"1334031,883";""
"2010K2";"Oro transportas";"tūkst. keleivio km";"482570,245";""
"2010K2";"vidaus vandenų transportas";"tūkst. keleivio km";"1240,946";""
"2010K2";"jūrų transportas";"tūkst. keleivio km";"37402,992";""
"2010K2";"Geležinkelių transportas";"tūkst. keleivio km";"101113";""
"2010K2";"troleibusai";"tūkst. keleivio km";"87437";""
"2010K2";"autobusai";"tūkst. keleivio km";"624267,7";""
"2010K2";"Kelių transportas";"tūkst. keleivio km";"711704,7";""
"2010K2";"Vandens transportas";"tūkst. keleivio km";"38643,937999999995";""
"2010K3";"Geležinkelių transportas";"tūkst. keleivio km";"116076";""
"2010K3";"Kelių transportas";"tūkst. keleivio km";"649262,5";""
"2010K3";"autobusai";"tūkst. keleivio km";"579512,8";""
"2010K3";"troleibusai";"tūkst. keleivio km";"69749,7";""
"2010K3";"Vandens transportas";"tūkst. keleivio km";"50434,445";""
"2010K3";"jūrų transportas";"tūkst. keleivio km";"48434,736";""
"2010K3";"vidaus vandenų transportas";"tūkst. keleivio km";"1999,709";""
"2010K3";"Oro transportas";"tūkst. keleivio km";"836743,635";""
"2010K3";"Visų rūšių transportas";"tūkst. keleivio km";"1652516,58";""
"2010K4";"Oro transportas";"tūkst. keleivio km";"230658,823";""
"2010K4";"vidaus vandenų transportas";"tūkst. keleivio km";"228,228";""
"2010K4";"jūrų transportas";"tūkst. keleivio km";"31103,26";""
"2010K4";"Vandens transportas";"tūkst. keleivio km";"31331,487999999998";""
"2010K4";"Visų rūšių transportas";"tūkst. keleivio km";"1040819,611";""
"2010K4";"autobusai";"tūkst. keleivio km";"595262,9";""
"2010K4";"Kelių transportas";"tūkst. keleivio km";"691692,3";""
"2010K4";"Geležinkelių transportas";"tūkst. keleivio km";"87137";""
"2010K4";"troleibusai";"tūkst. keleivio km";"96429,4";""
"2011K1";"Oro transportas";"tūkst. keleivio km";"91725,787";""
"2011K1";"vidaus vandenų transportas";"tūkst. keleivio km";"150,456";""
"2011K1";"jūrų transportas";"tūkst. keleivio km";"31530,3";""
"2011K1";"Vandens transportas";"tūkst. keleivio km";"31680,755999999998";""
"2011K1";"Visų rūšių transportas";"tūkst. keleivio km";"838762,9430000001";""
"2011K1";"autobusai";"tūkst. keleivio km";"550395,8";""
"2011K1";"Kelių transportas";"tūkst. keleivio km";"641907,4";""
"2011K1";"Geležinkelių transportas";"tūkst. keleivio km";"73449";""
"2011K1";"troleibusai";"tūkst. keleivio km";"91511,6";""
"2011K2";"Geležinkelių transportas";"tūkst. keleivio km";"107325";""
"2011K2";"Kelių transportas";"tūkst. keleivio km";"712750,2999999999";""
"2011K2";"autobusai";"tūkst. keleivio km";"625398,1";""
"2011K2";"troleibusai";"tūkst. keleivio km";"87352,2";""
"2011K2";"Vandens transportas";"tūkst. keleivio km";"42891,425";""
"2011K2";"jūrų transportas";"tūkst. keleivio km";"41979,284";""
"2011K2";"vidaus vandenų transportas";"tūkst. keleivio km";"912,141";""
"2011K2";"Oro transportas";"tūkst. keleivio km";"229587,841";""
"2011K2";"Visų rūšių transportas";"tūkst. keleivio km";"1092554,5659999999";""
"2011K3";"Geležinkelių transportas";"tūkst. keleivio km";"115812";""
"2011K3";"Kelių transportas";"tūkst. keleivio km";"672831";""
"2011K3";"autobusai";"tūkst. keleivio km";"601578";""
"2011K3";"troleibusai";"tūkst. keleivio km";"71253";""
"2011K3";"Vandens transportas";"tūkst. keleivio km";"52455,116";""
"2011K3";"jūrų transportas";"tūkst. keleivio km";"50509,966";""
"2011K3";"vidaus vandenų transportas";"tūkst. keleivio km";"1945,15";""
"2011K3";"Oro transportas";"tūkst. keleivio km";"335050,861";""
"2011K3";"Visų rūšių transportas";"tūkst. keleivio km";"1176148,977";""
"2011K4";"Oro transportas";"tūkst. keleivio km";"140866,121";""
"2011K4";"vidaus vandenų transportas";"tūkst. keleivio km";"196,56";""
"2011K4";"jūrų transportas";"tūkst. keleivio km";"39332,776";""
"2011K4";"Vandens transportas";"tūkst. keleivio km";"39529,335999999996";""
"2011K4";"Visų rūšių transportas";"tūkst. keleivio km";"993343,757";""
"2011K4";"autobusai";"tūkst. keleivio km";"623168,1";""
"2011K4";"Kelių transportas";"tūkst. keleivio km";"720417,2999999999";""
"2011K4";"Geležinkelių transportas";"tūkst. keleivio km";"92531";""
"2011K4";"troleibusai";"tūkst. keleivio km";"97249,2";""
"2012K1";"Geležinkelių transportas";"tūkst. keleivio km";"79383";""
"2012K1";"Kelių transportas";"tūkst. keleivio km";"648112,9";""
"2012K1";"Visų rūšių transportas";"tūkst. keleivio km";"879339,184";""
"2012K1";"Oro transportas";"tūkst. keleivio km";"109630,142";""
"2012K1";"vidaus vandenų transportas";"tūkst. keleivio km";"182,002";""
"2012K1";"jūrų transportas";"tūkst. keleivio km";"42031,14";""
"2012K1";"Vandens transportas";"tūkst. keleivio km";"42213,142";""
"2012K1";"troleibusai";"tūkst. keleivio km";"91534";""
"2012K1";"autobusai";"tūkst. keleivio km";"556578,9";""
"2012K2";"Geležinkelių transportas";"tūkst. keleivio km";"113495";""
"2012K2";"Oro transportas";"tūkst. keleivio km";"299672,881";""
"2012K2";"vidaus vandenų transportas";"tūkst. keleivio km";"705,626";""
"2012K2";"jūrų transportas";"tūkst. keleivio km";"53470,944";""
"2012K2";"Visų rūšių transportas";"tūkst. keleivio km";"1180686,851";""
"2012K2";"troleibusai";"tūkst. keleivio km";"86391,1";""
"2012K2";"autobusai";"tūkst. keleivio km";"626951,3";""
"2012K2";"Kelių transportas";"tūkst. keleivio km";"713342,4";""
"2012K2";"Vandens transportas";"tūkst. keleivio km";"54176,57";""
"2012K3";"Geležinkelių transportas";"tūkst. keleivio km";"116678";""
"2012K3";"Kelių transportas";"tūkst. keleivio km";"686351,2";""
"2012K3";"autobusai";"tūkst. keleivio km";"618664,5";""
"2012K3";"troleibusai";"tūkst. keleivio km";"67686,7";""
"2012K3";"Vandens transportas";"tūkst. keleivio km";"67908,522";""
"2012K3";"jūrų transportas";"tūkst. keleivio km";"66212,704";""
"2012K3";"vidaus vandenų transportas";"tūkst. keleivio km";"1695,818";""
"2012K3";"Oro transportas";"tūkst. keleivio km";"517936,194";""
"2012K3";"Visų rūšių transportas";"tūkst. keleivio km";"1388873,916";""
"2012K4";"Geležinkelių transportas";"tūkst. keleivio km";"93689";""
"2012K4";"Kelių transportas";"tūkst. keleivio km";"686512,6";""
"2012K4";"autobusai";"tūkst. keleivio km";"584374,9";""
"2012K4";"troleibusai";"tūkst. keleivio km";"102137,7";""
"2012K4";"Visų rūšių transportas";"tūkst. keleivio km";"959484,046";""
"2012K4";"jūrų transportas";"tūkst. keleivio km";"36719,604";""
"2012K4";"vidaus vandenų transportas";"tūkst. keleivio km";"193,132";""
"2012K4";"Oro transportas";"tūkst. keleivio km";"142369,71";""
"2012K4";"Vandens transportas";"tūkst. keleivio km";"36912,736";""
"2013K1";"Oro transportas";"tūkst. keleivio km";"103483,087";""
"2013K1";"vidaus vandenų transportas";"tūkst. keleivio km";"191,046";""
"2013K1";"jūrų transportas";"tūkst. keleivio km";"33423,044";""
"2013K1";"Vandens transportas";"tūkst. keleivio km";"33614,090000000004";""
"2013K1";"troleibusai";"tūkst. keleivio km";"91817,2";""
"2013K1";"autobusai";"tūkst. keleivio km";"562518,8";""
"2013K1";"Kelių transportas";"tūkst. keleivio km";"654336";""
"2013K1";"Geležinkelių transportas";"tūkst. keleivio km";"81707";""
"2013K1";"Visų rūšių transportas";"tūkst. keleivio km";"873140,1769999999";""
"2013K2";"Oro transportas";"tūkst. keleivio km";"237917,377";""
"2013K2";"vidaus vandenų transportas";"tūkst. keleivio km";"789,874";""
"2013K2";"jūrų transportas";"tūkst. keleivio km";"45693,396";""
"2013K2";"Vandens transportas";"tūkst. keleivio km";"46483,270000000004";""
"2013K2";"Visų rūšių transportas";"tūkst. keleivio km";"1121052,147";""
"2013K2";"autobusai";"tūkst. keleivio km";"643508,3";""
"2013K2";"Kelių transportas";"tūkst. keleivio km";"727430,5";""
"2013K2";"Geležinkelių transportas";"tūkst. keleivio km";"109221";""
"2013K2";"troleibusai";"tūkst. keleivio km";"83922,2";""
"2013K3";"Visų rūšių transportas";"tūkst. keleivio km";"1295883,141";""
"2013K3";"Geležinkelių transportas";"tūkst. keleivio km";"110422";""
"2013K3";"Kelių transportas";"tūkst. keleivio km";"728591,2000000001";""
"2013K3";"autobusai";"tūkst. keleivio km";"662797,4";""
"2013K3";"troleibusai";"tūkst. keleivio km";"65793,8";""
"2013K3";"Vandens transportas";"tūkst. keleivio km";"60065,106999999996";""
"2013K3";"jūrų transportas";"tūkst. keleivio km";"58211,212";""
"2013K3";"Oro transportas";"tūkst. keleivio km";"396804,834";""
"2013K3";"vidaus vandenų transportas";"tūkst. keleivio km";"1853,895";""
"2013K4";"Geležinkelių transportas";"tūkst. keleivio km";"89928";""
"2013K4";"Kelių transportas";"tūkst. keleivio km";"736970,1";""
"2013K4";"autobusai";"tūkst. keleivio km";"652575,2";""
"2013K4";"troleibusai";"tūkst. keleivio km";"84394,9";""
"2013K4";"Visų rūšių transportas";"tūkst. keleivio km";"1044067,848";""
"2013K4";"jūrų transportas";"tūkst. keleivio km";"37106,116";""
"2013K4";"vidaus vandenų transportas";"tūkst. keleivio km";"226,095";""
"2013K4";"Oro transportas";"tūkst. keleivio km";"179837,537";""
"2013K4";"Vandens transportas";"tūkst. keleivio km";"37332,211";""
"2014K1";"Geležinkelių transportas";"tūkst. keleivio km";"76545";""
"2014K1";"Kelių transportas";"tūkst. keleivio km";"707953";""
"2014K1";"autobusai";"tūkst. keleivio km";"625801,1";""
"2014K1";"troleibusai";"tūkst. keleivio km";"82151,9";""
"2014K1";"Visų rūšių transportas";"tūkst. keleivio km";"942128,703";""
"2014K1";"jūrų transportas";"tūkst. keleivio km";"33952,716";""
"2014K1";"vidaus vandenų transportas";"tūkst. keleivio km";"194,294";""
"2014K1";"Oro transportas";"tūkst. keleivio km";"123483,693";""
"2014K1";"Vandens transportas";"tūkst. keleivio km";"34147,01";""
"2014K2";"Geležinkelių transportas";"tūkst. keleivio km";"100604";""
"2014K2";"Kelių transportas";"tūkst. keleivio km";"766164";""
"2014K2";"autobusai";"tūkst. keleivio km";"693895,3";""
"2014K2";"troleibusai";"tūkst. keleivio km";"72269";""
"2014K2";"Vandens transportas";"tūkst. keleivio km";"46525";""
"2014K2";"jūrų transportas";"tūkst. keleivio km";"45622,168";""
"2014K2";"vidaus vandenų transportas";"tūkst. keleivio km";"903";""
"2014K2";"Oro transportas";"tūkst. keleivio km";"310171,71";""
"2014K2";"Visų rūšių transportas";"tūkst. keleivio km";"1223465";""
"2014K3";"Oro transportas";"tūkst. keleivio km";"352328";""
"2014K3";"vidaus vandenų transportas";"tūkst. keleivio km";"2230";""
"2014K3";"Visų rūšių transportas";"tūkst. keleivio km";"1253564";""
"2014K3";"Geležinkelių transportas";"tūkst. keleivio km";"105228";""
"2014K3";"Kelių transportas";"tūkst. keleivio km";"734816";""
"2014K3";"autobusai";"tūkst. keleivio km";"670223";""
"2014K3";"troleibusai";"tūkst. keleivio km";"64592";""
"2014K3";"Vandens transportas";"tūkst. keleivio km";"61193";""
"2014K3";"jūrų transportas";"tūkst. keleivio km";"58962";""
"2014K4";"Oro transportas";"tūkst. keleivio km";"235273";""
"2014K4";"Geležinkelių transportas";"tūkst. keleivio km";"90120";""
"2014K4";"Kelių transportas";"tūkst. keleivio km";"764417";""
"2014K4";"autobusai";"tūkst. keleivio km";"681817";""
"2014K4";"Visų rūšių transportas";"tūkst. keleivio km";"1129514";""
"2014K4";"Vandens transportas";"tūkst. keleivio km";"39704";""
"2014K4";"jūrų transportas";"tūkst. keleivio km";"39468";""
"2014K4";"vidaus vandenų transportas";"tūkst. keleivio km";"236";""
"2014K4";"troleibusai";"tūkst. keleivio km";"82600";""
"2015K1";"Geležinkelių transportas";"tūkst. keleivio km";"75767";""
"2015K1";"Kelių transportas";"tūkst. keleivio km";"661066,7";""
"2015K1";"autobusai";"tūkst. keleivio km";"584036,1";""
"2015K1";"troleibusai";"tūkst. keleivio km";"77030,6";""
"2015K1";"Visų rūšių transportas";"tūkst. keleivio km";"926158,0499999999";""
"2015K1";"jūrų transportas";"tūkst. keleivio km";"35141,7";""
"2015K1";"vidaus vandenų transportas";"tūkst. keleivio km";"198,8";""
"2015K1";"Oro transportas";"tūkst. keleivio km";"153983,87";""
"2015K1";"Vandens transportas";"tūkst. keleivio km";"35340,479999999996";""
"2015K2";"Geležinkelių transportas";"tūkst. keleivio km";"97665";""
"2015K2";"Kelių transportas";"tūkst. keleivio km";"712182,5";""
"2015K2";"autobusai";"tūkst. keleivio km";"639910,1";""
"2015K2";"troleibusai";"tūkst. keleivio km";"72272,4";""
"2015K2";"Vandens transportas";"tūkst. keleivio km";"47586,009";""
"2015K2";"jūrų transportas";"tūkst. keleivio km";"46803,744";""
"2015K2";"vidaus vandenų transportas";"tūkst. keleivio km";"782,265";""
"2015K2";"Oro transportas";"tūkst. keleivio km";"396508,123";""
"2015K2";"Visų rūšių transportas";"tūkst. keleivio km";"1253941,632";""
"2015K3";"Oro transportas";"tūkst. keleivio km";"616773,849";""
"2015K3";"vidaus vandenų transportas";"tūkst. keleivio km";"1773,484";""
"2015K3";"Visų rūšių transportas";"tūkst. keleivio km";"1460259,115";""
"2015K3";"Geležinkelių transportas";"tūkst. keleivio km";"101308";""
"2015K3";"Kelių transportas";"tūkst. keleivio km";"680068,4";""
"2015K3";"autobusai";"tūkst. keleivio km";"618751,7";""
"2015K3";"troleibusai";"tūkst. keleivio km";"61316,7";""
"2015K3";"Vandens transportas";"tūkst. keleivio km";"62108,9";""
"2015K3";"jūrų transportas";"tūkst. keleivio km";"60335,4";""
"2015K4";"Oro transportas";"tūkst. keleivio km";"301740,595";""
"2015K4";"Geležinkelių transportas";"tūkst. keleivio km";"85976";""
"2015K4";"Kelių transportas";"tūkst. keleivio km";"692224,8";""
"2015K4";"autobusai";"tūkst. keleivio km";"614680,4";""
"2015K4";"Visų rūšių transportas";"tūkst. keleivio km";"1120524,833";""
"2015K4";"Vandens transportas";"tūkst. keleivio km";"40583,438";""
"2015K4";"jūrų transportas";"tūkst. keleivio km";"40320,262";""
"2015K4";"vidaus vandenų transportas";"tūkst. keleivio km";"263,176";""
"2015K4";"troleibusai";"tūkst. keleivio km";"77544,4";""
"2016K1";"Geležinkelių transportas";"tūkst. keleivio km";"78805";""
"2016K1";"Kelių transportas";"tūkst. keleivio km";"578411,9";""
"2016K1";"autobusai";"tūkst. keleivio km";"505710,3";""
"2016K1";"troleibusai";"tūkst. keleivio km";"72701,6";""
"2016K1";"Visų rūšių transportas";"tūkst. keleivio km";"839608,604";""
"2016K1";"jūrų transportas";"tūkst. keleivio km";"37753,02";""
"2016K1";"vidaus vandenų transportas";"tūkst. keleivio km";"208,806";""
"2016K1";"Oro transportas";"tūkst. keleivio km";"144429,878";""
"2016K1";"Vandens transportas";"tūkst. keleivio km";"37961,825999999994";""
"2016K2";"Geležinkelių transportas";"tūkst. keleivio km";"109336";""
"2016K2";"Kelių transportas";"tūkst. keleivio km";"717724,1";""
"2016K2";"autobusai";"tūkst. keleivio km";"648469,4";""
"2016K2";"troleibusai";"tūkst. keleivio km";"69254,7";""
"2016K2";"Vandens transportas";"tūkst. keleivio km";"49049,708000000006";""
"2016K2";"jūrų transportas";"tūkst. keleivio km";"48181,41";""
"2016K2";"vidaus vandenų transportas";"tūkst. keleivio km";"868,298";""
"2016K2";"Oro transportas";"tūkst. keleivio km";"437072,069";""
"2016K2";"Visų rūšių transportas";"tūkst. keleivio km";"1313181,8769999999";""
"2016K3";"Oro transportas";"tūkst. keleivio km";"714815,128";""
"2016K3";"vidaus vandenų transportas";"tūkst. keleivio km";"1751,18";""
"2016K3";"Visų rūšių transportas";"tūkst. keleivio km";"1553922,276";""
"2016K3";"Geležinkelių transportas";"tūkst. keleivio km";"115430";""
"2016K3";"Kelių transportas";"tūkst. keleivio km";"658343,4";""
"2016K3";"autobusai";"tūkst. keleivio km";"601010,9";""
"2016K3";"troleibusai";"tūkst. keleivio km";"57332,5";""
"2016K3";"Vandens transportas";"tūkst. keleivio km";"65333,748";""
"2016K3";"jūrų transportas";"tūkst. keleivio km";"63582,568";""
"2016K4";"Oro transportas";"tūkst. keleivio km";"297954,378";""
"2016K4";"Geležinkelių transportas";"tūkst. keleivio km";"92291";""
"2016K4";"Kelių transportas";"tūkst. keleivio km";"676832,7999999999";""
"2016K4";"autobusai";"tūkst. keleivio km";"606047,7";""
"2016K4";"Visų rūšių transportas";"tūkst. keleivio km";"1110671,3339999998";""
"2016K4";"Vandens transportas";"tūkst. keleivio km";"43593,156";""
"2016K4";"jūrų transportas";"tūkst. keleivio km";"43387,36";""
"2016K4";"vidaus vandenų transportas";"tūkst. keleivio km";"205,796";""
"2016K4";"troleibusai";"tūkst. keleivio km";"70785,1";""
"2017K1";"Geležinkelių transportas";"tūkst. keleivio km";"87737";""
"2017K1";"Kelių transportas";"tūkst. keleivio km";"625822,6";""
"2017K1";"autobusai";"tūkst. keleivio km";"555632,2";""
"2017K1";"troleibusai";"tūkst. keleivio km";"70190,4";""
"2017K1";"Visų rūšių transportas";"tūkst. keleivio km";"953726,504";""
"2017K1";"jūrų transportas";"tūkst. keleivio km";"37284,834";""
"2017K1";"vidaus vandenų transportas";"tūkst. keleivio km";"205,516";""
"2017K1";"Oro transportas";"tūkst. keleivio km";"202676,554";""
"2017K1";"Vandens transportas";"tūkst. keleivio km";"37490,350000000006";""
"2017K2";"Geležinkelių transportas";"tūkst. keleivio km";"120930";""
"2017K2";"Kelių transportas";"tūkst. keleivio km";"727452";""
"2017K2";"autobusai";"tūkst. keleivio km";"662399,7";""
"2017K2";"troleibusai";"tūkst. keleivio km";"65052,3";""
"2017K2";"Vandens transportas";"tūkst. keleivio km";"49969,202";""
"2017K2";"jūrų transportas";"tūkst. keleivio km";"49057,628";""
"2017K2";"vidaus vandenų transportas";"tūkst. keleivio km";"911,574";""
"2017K2";"Oro transportas";"tūkst. keleivio km";"525716,026";""
"2017K2";"Visų rūšių transportas";"tūkst. keleivio km";"1424067,221";""
"2017K3";"Oro transportas";"tūkst. keleivio km";"653498,54";""
"2017K3";"vidaus vandenų transportas";"tūkst. keleivio km";"1707,253";""
"2017K3";"Visų rūšių transportas";"tūkst. keleivio km";"1526433,3730000001";""
"2017K3";"Geležinkelių transportas";"tūkst. keleivio km";"113091";""
"2017K3";"Kelių transportas";"tūkst. keleivio km";"697733,6";""
"2017K3";"autobusai";"tūkst. keleivio km";"638595,2";""
"2017K3";"troleibusai";"tūkst. keleivio km";"59138,4";""
"2017K3";"Vandens transportas";"tūkst. keleivio km";"62110,233";""
"2017K3";"jūrų transportas";"tūkst. keleivio km";"60402,98";""
"2017K4";"Oro transportas";"tūkst. keleivio km";"393886,645";""
"2017K4";"Geležinkelių transportas";"tūkst. keleivio km";"102465";""
"2017K4";"Kelių transportas";"tūkst. keleivio km";"688731,1000000001";""
"2017K4";"autobusai";"tūkst. keleivio km";"617812,3";""
"2017K4";"Visų rūšių transportas";"tūkst. keleivio km";"1225481,502";""
"2017K4";"Vandens transportas";"tūkst. keleivio km";"40398,757000000005";""
"2017K4";"jūrų transportas";"tūkst. keleivio km";"40123,58";""
"2017K4";"vidaus vandenų transportas";"tūkst. keleivio km";"275,177";""
"2017K4";"troleibusai";"tūkst. keleivio km";"70918,8";""
"2018K1";"Geležinkelių transportas";"tūkst. keleivio km";"96198";""
"2018K1";"Kelių transportas";"tūkst. keleivio km";"630986,7";""
"2018K1";"autobusai";"tūkst. keleivio km";"562915,1";""
"2018K1";"troleibusai";"tūkst. keleivio km";"68071,6";""
"2018K1";"Visų rūšių transportas";"tūkst. keleivio km";"1042940,236";""
"2018K1";"jūrų transportas";"tūkst. keleivio km";"33836,04";""
"2018K1";"vidaus vandenų transportas";"tūkst. keleivio km";"246,058";""
"2018K1";"Oro transportas";"tūkst. keleivio km";"281673,438";""
"2018K1";"Vandens transportas";"tūkst. keleivio km";"34082,098";""
"2018K2";"Geležinkelių transportas";"tūkst. keleivio km";"132087";""
"2018K2";"Kelių transportas";"tūkst. keleivio km";"730864,5";""
"2018K2";"autobusai";"tūkst. keleivio km";"667059,3";""
"2018K2";"troleibusai";"tūkst. keleivio km";"63805,2";""
"2018K2";"Vandens transportas";"tūkst. keleivio km";"47142,437";""
"2018K2";"jūrų transportas";"tūkst. keleivio km";"46097,465";""
"2018K2";"vidaus vandenų transportas";"tūkst. keleivio km";"1044,972";""
"2018K2";"Oro transportas";"tūkst. keleivio km";"639198,283";""
"2018K2";"Visų rūšių transportas";"tūkst. keleivio km";"1549292,2200000002";""
"2018K3";"Oro transportas";"tūkst. keleivio km";"671402,468";""
"2018K3";"vidaus vandenų transportas";"tūkst. keleivio km";"1969,512";""
"2018K3";"Visų rūšių transportas";"tūkst. keleivio km";"1628103,34";""
"2018K3";"Geležinkelių transportas";"tūkst. keleivio km";"125159";""
"2018K3";"Kelių transportas";"tūkst. keleivio km";"766456,2000000001";""
"2018K3";"autobusai";"tūkst. keleivio km";"710109,8";""
"2018K3";"troleibusai";"tūkst. keleivio km";"56346,4";""
"2018K3";"Vandens transportas";"tūkst. keleivio km";"65085,672000000006";""
"2018K3";"jūrų transportas";"tūkst. keleivio km";"63116,16";""
"2018K4";"Oro transportas";"tūkst. keleivio km";"430811,127";""
"2018K4";"Geležinkelių transportas";"tūkst. keleivio km";"114669";""
"2018K4";"Kelių transportas";"tūkst. keleivio km";"710929,6";""
"2018K4";"autobusai";"tūkst. keleivio km";"643090,2";""
"2018K4";"Visų rūšių transportas";"tūkst. keleivio km";"1299131,6269999999";""
"2018K4";"Vandens transportas";"tūkst. keleivio km";"42721,899999999994";""
"2018K4";"jūrų transportas";"tūkst. keleivio km";"42458,952";""
"2018K4";"vidaus vandenų transportas";"tūkst. keleivio km";"262,948";""
"2018K4";"troleibusai";"tūkst. keleivio km";"67839,4";""
"2019K1";"Geležinkelių transportas";"tūkst. keleivio km";"109849";""
"2019K1";"Kelių transportas";"tūkst. keleivio km";"641006,7999999999";""
"2019K1";"autobusai";"tūkst. keleivio km";"576183,7";""
"2019K1";"troleibusai";"tūkst. keleivio km";"64823,1";""
"2019K1";"Visų rūšių transportas";"tūkst. keleivio km";"1030978,4269999999";""
"2019K1";"jūrų transportas";"tūkst. keleivio km";"41959,542";""
"2019K1";"vidaus vandenų transportas";"tūkst. keleivio km";"221,526";""
"2019K1";"Oro transportas";"tūkst. keleivio km";"237941,559";""
"2019K1";"Vandens transportas";"tūkst. keleivio km";"42181,068";""
"2019K2";"Geležinkelių transportas";"tūkst. keleivio km";"135721";""
"2019K2";"Kelių transportas";"tūkst. keleivio km";"772157,6";""
"2019K2";"autobusai";"tūkst. keleivio km";"707614,5";""
"2019K2";"troleibusai";"tūkst. keleivio km";"64543,1";""
"2019K2";"Vandens transportas";"tūkst. keleivio km";"56527,965";""
"2019K2";"jūrų transportas";"tūkst. keleivio km";"54753,5";""
"2019K2";"vidaus vandenų transportas";"tūkst. keleivio km";"1774,465";""
"2019K2";"Oro transportas";"tūkst. keleivio km";"404278,034";""
"2019K2";"Visų rūšių transportas";"tūkst. keleivio km";"1368684,599";""
"2019K3";"Oro transportas";"tūkst. keleivio km";"344853,511";""
"2019K3";"vidaus vandenų transportas";"tūkst. keleivio km";"2792,937";""
"2019K3";"Visų rūšių transportas";"tūkst. keleivio km";"1295922,456";""
"2019K3";"Geležinkelių transportas";"tūkst. keleivio km";"123960";""
"2019K3";"Kelių transportas";"tūkst. keleivio km";"761243,5";""
"2019K3";"autobusai";"tūkst. keleivio km";"704504,5";""
"2019K3";"troleibusai";"tūkst. keleivio km";"56739";""
"2019K3";"Vandens transportas";"tūkst. keleivio km";"65865,445";""
"2019K3";"jūrų transportas";"tūkst. keleivio km";"63072,508";""
"2019K4";"Oro transportas";"tūkst. keleivio km";"284360,721";""
"2019K4";"Geležinkelių transportas";"tūkst. keleivio km";"109889";""
"2019K4";"Kelių transportas";"tūkst. keleivio km";"726881,3999999999";""
"2019K4";"autobusai";"tūkst. keleivio km";"657302,2";""
"2019K4";"Visų rūšių transportas";"tūkst. keleivio km";"1163587,3939999999";""
"2019K4";"Vandens transportas";"tūkst. keleivio km";"42456,273";""
"2019K4";"jūrų transportas";"tūkst. keleivio km";"42191,523";""
"2019K4";"vidaus vandenų transportas";"tūkst. keleivio km";"264,75";""
"2019K4";"troleibusai";"tūkst. keleivio km";"69579,2";""
"2020K1";"Geležinkelių transportas";"tūkst. keleivio km";"85001";""
"2020K1";"Kelių transportas";"tūkst. keleivio km";"555581,39";""
"2020K1";"autobusai";"tūkst. keleivio km";"502859,69";""
"2020K1";"troleibusai";"tūkst. keleivio km";"52721,7";""
"2020K1";"Visų rūšių transportas";"tūkst. keleivio km";"826573,694";""
"2020K1";"jūrų transportas";"tūkst. keleivio km";"36420,654";""
"2020K1";"vidaus vandenų transportas";"tūkst. keleivio km";"291,684";""
"2020K1";"Oro transportas";"tūkst. keleivio km";"149278,966";""
"2020K1";"Vandens transportas";"tūkst. keleivio km";"36712,338";""
"2020K2";"Geležinkelių transportas";"tūkst. keleivio km";"41586";""
"2020K2";"Kelių transportas";"tūkst. keleivio km";"253633,05";""
"2020K2";"autobusai";"tūkst. keleivio km";"230870,25";""
"2020K2";"troleibusai";"tūkst. keleivio km";"22762,8";""
"2020K2";"Vandens transportas";"tūkst. keleivio km";"49240,243";""
"2020K2";"jūrų transportas";"tūkst. keleivio km";"43053,907";""
"2020K2";"vidaus vandenų transportas";"tūkst. keleivio km";"6186,336";""
"2020K2";"Oro transportas";"tūkst. keleivio km";"5613,947";""
"2020K2";"Visų rūšių transportas";"tūkst. keleivio km";"350073,24";""
"2020K3";"Oro transportas";"tūkst. keleivio km";"70780,202";""
"2020K3";"vidaus vandenų transportas";"tūkst. keleivio km";"51072,072";""
"2020K3";"Visų rūšių transportas";"tūkst. keleivio km";"702967,932";""
"2020K3";"Geležinkelių transportas";"tūkst. keleivio km";"87937";""
"2020K3";"Kelių transportas";"tūkst. keleivio km";"446227,68";""
"2020K3";"autobusai";"tūkst. keleivio km";"410092,88";""
"2020K3";"troleibusai";"tūkst. keleivio km";"36134,8";""
"2020K3";"Vandens transportas";"tūkst. keleivio km";"98023,05";""
"2020K3";"jūrų transportas";"tūkst. keleivio km";"46950,978";""
"2020K4";"Oro transportas";"tūkst. keleivio km";"24180,181";""
"2020K4";"Geležinkelių transportas";"tūkst. keleivio km";"45718";""
"2020K4";"Kelių transportas";"tūkst. keleivio km";"375234,94";""
"2020K4";"autobusai";"tūkst. keleivio km";"342187,24";""
"2020K4";"Visų rūšių transportas";"tūkst. keleivio km";"486998,305";""
"2020K4";"Vandens transportas";"tūkst. keleivio km";"41865,184";""
"2020K4";"jūrų transportas";"tūkst. keleivio km";"30927,289";""
"2020K4";"vidaus vandenų transportas";"tūkst. keleivio km";"10937,895";""
"2020K4";"troleibusai";"tūkst. keleivio km";"33047,7";""
"2021K1";"Geležinkelių transportas";"tūkst. keleivio km";"41028";""
"2021K1";"Kelių transportas";"tūkst. keleivio km";"243601,80000000005";""
"2021K1";"autobusai";"tūkst. keleivio km";"223737,10000000003";""
"2021K1";"troleibusai";"tūkst. keleivio km";"19864,7";""
"2021K1";"Visų rūšių transportas";"tūkst. keleivio km";"375911,64600000007";""
"2021K1";"jūrų transportas";"tūkst. keleivio km";"29102,819";""
"2021K1";"vidaus vandenų transportas";"tūkst. keleivio km";"206,294";""
"2021K1";"Oro transportas";"tūkst. keleivio km";"61972,733";""
"2021K1";"Vandens transportas";"tūkst. keleivio km";"29309,113";""
"2021K2";"Geležinkelių transportas";"tūkst. keleivio km";"82789";""
"2021K2";"Kelių transportas";"tūkst. keleivio km";"348199,6000000001";""
"2021K2";"autobusai";"tūkst. keleivio km";"322154,20000000007";""
"2021K2";"troleibusai";"tūkst. keleivio km";"26045,4";""
"2021K2";"Vandens transportas";"tūkst. keleivio km";"36320,490000000005";""
"2021K2";"jūrų transportas";"tūkst. keleivio km";"34647,122";""
"2021K2";"vidaus vandenų transportas";"tūkst. keleivio km";"1673,368";""
"2021K2";"Oro transportas";"tūkst. keleivio km";"187369,345";""
"2021K2";"Visų rūšių transportas";"tūkst. keleivio km";"654678,435";""
"2021K3";"Geležinkelių transportas";"tūkst. keleivio km";"111576";""
"2021K3";"Kelių transportas";"tūkst. keleivio km";"490868,6149999999";""
"2021K3";"autobusai";"tūkst. keleivio km";"459324,0149999999";""
"2021K3";"troleibusai";"tūkst. keleivio km";"31544,600000000002";""
"2021K3";"Visų rūšių transportas";"tūkst. keleivio km";"1163834,6969999997";""
"2021K3";"jūrų transportas";"tūkst. keleivio km";"51437,448";""
"2021K3";"vidaus vandenų transportas";"tūkst. keleivio km";"2982,720000000001";""
"2021K3";"Oro transportas";"tūkst. keleivio km";"506969,914";""
"2021K3";"Vandens transportas";"tūkst. keleivio km";"54420,168";""
"2021K4";"Visų rūšių transportas";"tūkst. keleivio km";"980312,1369999996";""
"2021K4";"Geležinkelių transportas";"tūkst. keleivio km";"93378";""
"2021K4";"Kelių transportas";"tūkst. keleivio km";"449842,9129999996";""
"2021K4";"autobusai";"tūkst. keleivio km";"407184,7129999996";""
"2021K4";"troleibusai";"tūkst. keleivio km";"42658,2";""
"2021K4";"Vandens transportas";"tūkst. keleivio km";"32190,463";""
"2021K4";"jūrų transportas";"tūkst. keleivio km";"31701,175";""
"2021K4";"Oro transportas";"tūkst. keleivio km";"404900,761";""
"2021K4";"vidaus vandenų transportas";"tūkst. keleivio km";"489,288";""
"2022K1";"Geležinkelių transportas";"tūkst. keleivio km";"80167";""
"2022K1";"Kelių transportas";"tūkst. keleivio km";"479946,71999999986";""
"2022K1";"autobusai";"tūkst. keleivio km";"438395,91999999987";""
"2022K1";"troleibusai";"tūkst. keleivio km";"41550,8";""
"2022K1";"Visų rūšių transportas";"tūkst. keleivio km";"832134,3189999999";""
"2022K1";"jūrų transportas";"tūkst. keleivio km";"27667,5";""
"2022K1";"vidaus vandenų transportas";"tūkst. keleivio km";"342,7";""
"2022K1";"Oro transportas";"tūkst. keleivio km";"244010,4";""
"2022K1";"Vandens transportas";"tūkst. keleivio km";"28010,2";""
"2022K2";"Geležinkelių transportas";"tūkst. keleivio km";"115156";""
"2022K2";"Kelių transportas";"tūkst. keleivio km";"597897,7000000001";""
"2022K2";"autobusai";"tūkst. keleivio km";"552188,3";""
"2022K2";"troleibusai";"tūkst. keleivio km";"45709,399999999994";""
"2022K2";"Vandens transportas";"tūkst. keleivio km";"39224,831";""
"2022K2";"jūrų transportas";"tūkst. keleivio km";"37853,632";""
"2022K2";"vidaus vandenų transportas";"tūkst. keleivio km";"1371,199";""
"2022K2";"Oro transportas";"tūkst. keleivio km";"423108,558";""
"2022K2";"Visų rūšių transportas";"tūkst. keleivio km";"1175363,838";""
"2022K3";"Oro transportas";"tūkst. keleivio km";"597823,729";""
"2022K3";"vidaus vandenų transportas";"tūkst. keleivio km";"3109,6882";""
"2022K3";"Visų rūšių transportas";"tūkst. keleivio km";"1407260,3152";""
"2022K3";"Geležinkelių transportas";"tūkst. keleivio km";"135283";""
"2022K3";"Kelių transportas";"tūkst. keleivio km";"618289,3999999999";""
"2022K3";"autobusai";"tūkst. keleivio km";"577102,5999999999";""
"2022K3";"troleibusai";"tūkst. keleivio km";"41186,8";""
"2022K3";"Vandens transportas";"tūkst. keleivio km";"55864,1862";""
"2022K3";"jūrų transportas";"tūkst. keleivio km";"52754,498";""
"2022K4";"Oro transportas";"tūkst. keleivio km";"336178,956";""
"2022K4";"Geležinkelių transportas";"tūkst. keleivio km";"102021";""
"2022K4";"Kelių transportas";"tūkst. keleivio km";"631013,4199999999";""
"2022K4";"autobusai";"tūkst. keleivio km";"578163,1199999999";""
"2022K4";"Visų rūšių transportas";"tūkst. keleivio km";"1105268,046";""
"2022K4";"Vandens transportas";"tūkst. keleivio km";"36054,67";""
"2022K4";"jūrų transportas";"tūkst. keleivio km";"35577,7";""
"2022K4";"vidaus vandenų transportas";"tūkst. keleivio km";"476,97";""
"2022K4";"troleibusai";"tūkst. keleivio km";"52850,3";""
"2023K1";"Geležinkelių transportas";"tūkst. keleivio km";"90404";""
"2023K1";"Kelių transportas";"tūkst. keleivio km";"588606,2999999999";""
"2023K1";"autobusai";"tūkst. keleivio km";"536931,2";""
"2023K1";"troleibusai";"tūkst. keleivio km";"51675,1";""
"2023K1";"Visų rūšių transportas";"tūkst. keleivio km";"947941,1";""
"2023K1";"jūrų transportas";"tūkst. keleivio km";"32307,41";""
"2023K1";"vidaus vandenų transportas";"tūkst. keleivio km";"324,95";""
"2023K1";"Oro transportas";"tūkst. keleivio km";"236298,479";""
"2023K1";"Vandens transportas";"tūkst. keleivio km";"32632,36";""
"2023K2";"Visų rūšių transportas";"tūkst. keleivio km";"1287723,753";""
"2023K2";"Geležinkelių transportas";"tūkst. keleivio km";"117790";""
"2023K2";"Kelių transportas";"tūkst. keleivio km";"654439,1";""
"2023K2";"autobusai";"tūkst. keleivio km";"602678";""
"2023K2";"troleibusai";"tūkst. keleivio km";"51761,1";""
"2023K2";"Vandens transportas";"tūkst. keleivio km";"34895,265";""
"2023K2";"jūrų transportas";"tūkst. keleivio km";"32774,909";""
"2023K2";"Oro transportas";"tūkst. keleivio km";"480599,388";""
"2023K2";"vidaus vandenų transportas";"tūkst. keleivio km";"2120,356";""
"2023K3";"Geležinkelių transportas";"tūkst. keleivio km";"139594";""
"2023K3";"Kelių transportas";"tūkst. keleivio km";"665264,7";""
"2023K3";"autobusai";"tūkst. keleivio km";"620951";""
"2023K3";"troleibusai";"tūkst. keleivio km";"44313,7";""
"2023K3";"Visų rūšių transportas";"tūkst. keleivio km";"1337087";"patikslinti ir perskaičiuoti duomenys"
"2023K3";"jūrų transportas";"tūkst. keleivio km";"57228,535";""
"2023K3";"vidaus vandenų transportas";"tūkst. keleivio km";"3305";"patikslinti ir perskaičiuoti duomenys"
"2023K3";"Oro transportas";"tūkst. keleivio km";"471695,573";""
"2023K3";"Vandens transportas";"tūkst. keleivio km";"60533";"patikslinti ir perskaičiuoti duomenys"
"2023K4";"Visų rūšių transportas";"tūkst. keleivio km";"1203199,089";""
"2023K4";"Geležinkelių transportas";"tūkst. keleivio km";"116327";""
"2023K4";"Kelių transportas";"tūkst. keleivio km";"676999,7";""
"2023K4";"autobusai";"tūkst. keleivio km";"624148,6";""
"2023K4";"troleibusai";"tūkst. keleivio km";"52851,1";""
"2023K4";"Vandens transportas";"tūkst. keleivio km";"35408,380999999994";""
"2023K4";"jūrų transportas";"tūkst. keleivio km";"35011,111";""
"2023K4";"Oro transportas";"tūkst. keleivio km";"374464,008";""
"2023K4";"vidaus vandenų transportas";"tūkst. keleivio km";"397,27";""
